Anumber,Triangle,Type,Trait,Sequence
A011971,Aitken,Std,Triangle,[1 1 2 2 3 5 5 7 10 15 ]
A123346,Aitken,Std,Reverse,[1 2 1 5 3 2 15 10 7 5 ]
nothing,Aitken,Std,DiagTri,[1 1 2 2 5 3 15 7 5 52 ]
nothing,Aitken,Std,PolyTri,[1 1 1 2 3 1 5 10 5 1 ]
A005493,Aitken,Std,Sum,[1 3 10 37 151 674 3263 17007 94828 562595 ]
nothing,Aitken,Std,EvenSum,[1 1 7 15 94 290 1925 7541 54217 254189 ]
nothing,Aitken,Std,OddSum,[0 2 3 22 57 384 1338 9466 40611 308406 ]
nothing,Aitken,Std,AltSum,[1 -1 4 -7 37 -94 587 -1925 13606 -54217 ]
nothing,Aitken,Std,DiagSum,[1 1 4 8 27 82 312 1256 5708 28059 ]
A216078,Aitken,Std,Middle,[1 1 3 7 27 87 409 1657 9089 43833 ]
A094577,Aitken,Std,Central,[1 3 27 409 9089 272947 10515147 501178937 28773452321 1949230218691 ]
A000110,Aitken,Std,LeftSide,[1 1 2 5 15 52 203 877 4140 21147 ]
A000110,Aitken,Std,RightSide,[1 2 5 15 52 203 877 4140 21147 115975 ]
nothing,Aitken,Std,PosHalf,[1 4 19 103 634 4393 33893 288158 2674849 26888251 ]
nothing,Aitken,Std,NegHalf,[1 0 7 -17 166 -931 8333 -67902 668341 -6733957 ]
A095676,Aitken,Std,PolyVal2,[1 5 28 179 1291 10358 91337 876289 9070546 100596161 ]
nothing,Aitken,Std,PolyVal3,[1 7 56 521 5529 65674 860387 12290251 189680754 3139572183 ]
A126390,Aitken,Std,BinConv,[1 3 13 71 457 3355 27509 248127 2434129 25741939 ]
A000012,Aitken,Std,IBinConv,[1 1 1 1 1 1 1 1 1 1 ]
nothing,Aitken,Std,TransSqrs,[0 2 23 182 1293 8932 62014 439442 3202127 24081458 ]
nothing,Aitken,Std,TransNat0,[0 2 13 72 393 2202 12850 78488 502327 3366648 ]
A278677,Aitken,Std,TransNat1,[1 5 23 109 544 2876 16113 95495 597155 3929243 ]
A122850,Bessel1,Std,Triangle,[1 0 1 0 -1 1 0 3 -3 1 ]
A104548,Bessel1,Std,Reverse,[1 1 0 1 -1 0 1 -3 3 0 ]
A122848,Bessel1,Std,Inverse,[1 0 1 0 1 1 0 0 3 1 ]
A144299,Bessel1,Std,RevInv,[1 1 0 1 1 0 1 3 0 0 ]
nothing,Bessel1,Std,DiagTri,[1 0 0 1 0 -1 0 3 1 0 ]
nothing,Bessel1,Std,PolyTri,[1 0 1 0 1 1 0 0 2 1 ]
A000806,Bessel1,Std,Sum,[1 1 0 1 -5 36 -329 3655 -47844 721315 ]
nothing,Bessel1,Std,EvenSum,[1 0 1 -3 16 -115 1051 -11676 152839 -2304261 ]
A025164,Bessel1,Std,OddSum,[0 1 -1 4 -21 151 -1380 15331 -200683 3025576 ]
A144301,Bessel1,Std,AltSum,[1 -1 2 -7 37 -266 2431 -27007 353522 -5329837 ]
nothing,Bessel1,Std,DiagSum,[1 0 1 -1 4 -18 121 -1056 11386 -145960 ]
nothing,Bessel1,Std,Middle,[1 0 -1 3 15 -105 -420 4725 17325 -270270 ]
nothing,Bessel1,Std,Central,[1 -1 15 -420 17325 -945945 64324260 -5237832600 496939367925 -53835098191875 ]
A000007,Bessel1,Std,LeftSide,[1 0 0 0 0 0 0 0 0 0 ]
A000012,Bessel1,Std,RightSide,[1 1 1 1 1 1 1 1 1 1 ]
A002119,Bessel1,Std,PosHalf,[1 1 -1 7 -71 1001 -18089 398959 -10391023 312129649 ]
A080893,Bessel1,Std,NegHalf,[1 1 3 19 193 2721 49171 1084483 28245729 848456353 ]
nothing,Bessel1,Std,PolyVal2,[1 2 2 2 -2 22 -206 2354 -31426 480806 ]
nothing,Bessel1,Std,PolyVal3,[1 3 6 9 9 18 -81 1053 -14418 225747 ]
nothing,Bessel1,Std,BinConv,[1 1 -1 1 7 -124 1591 -19991 256691 -3335228 ]
nothing,Bessel1,Std,IBinConv,[1 1 3 19 175 2076 29911 505093 9757539 211883500 ]
nothing,Bessel1,Std,TransSqrs,[0 1 3 0 7 -45 396 -4277 54825 -813348 ]
nothing,Bessel1,Std,TransNat0,[0 1 1 0 1 -5 36 -329 3655 -47844 ]
A231622,Bessel1,Std,TransNat1,[1 2 1 1 -4 31 -293 3326 -44189 673471 ]
A007318,Binomial,Std,Triangle,[1 1 1 1 2 1 1 3 3 1 ]
A007318,Binomial,Std,Reverse,[1 1 1 1 2 1 1 3 3 1 ]
A007318,Binomial,Std,Inverse,[1 -1 1 1 -2 1 -1 3 -3 1 ]
A007318,Binomial,Std,RevInv,[1 1 -1 1 -2 1 1 -3 3 -1 ]
A007318,Binomial,Std,InvRev,[1 -1 1 1 -2 1 -1 3 -3 1 ]
A011973,Binomial,Std,DiagTri,[1 1 1 1 1 2 1 3 1 1 ]
A009998,Binomial,Std,PolyTri,[1 1 1 1 2 1 1 4 3 1 ]
A000079,Binomial,Std,Sum,[1 2 4 8 16 32 64 128 256 512 ]
A011782,Binomial,Std,EvenSum,[1 1 2 4 8 16 32 64 128 256 ]
A131577,Binomial,Std,OddSum,[0 1 2 4 8 16 32 64 128 256 ]
A000007,Binomial,Std,AltSum,[1 0 0 0 0 0 0 0 0 0 ]
A000045,Binomial,Std,DiagSum,[1 1 2 3 5 8 13 21 34 55 ]
A001405,Binomial,Std,Middle,[1 1 2 3 6 10 20 35 70 126 ]
A000984,Binomial,Std,Central,[1 2 6 20 70 252 924 3432 12870 48620 ]
A000012,Binomial,Std,LeftSide,[1 1 1 1 1 1 1 1 1 1 ]
A000012,Binomial,Std,RightSide,[1 1 1 1 1 1 1 1 1 1 ]
A000244,Binomial,Std,PosHalf,[1 3 9 27 81 243 729 2187 6561 19683 ]
A000012,Binomial,Std,NegHalf,[1 -1 1 -1 1 -1 1 -1 1 -1 ]
A000244,Binomial,Std,PolyVal2,[1 3 9 27 81 243 729 2187 6561 19683 ]
A000302,Binomial,Std,PolyVal3,[1 4 16 64 256 1024 4096 16384 65536 262144 ]
A000984,Binomial,Std,BinConv,[1 2 6 20 70 252 924 3432 12870 48620 ]
A126869,Binomial,Std,IBinConv,[1 0 -2 0 6 0 -20 0 70 0 ]
A001788,Binomial,Std,TransSqrs,[0 1 6 24 80 240 672 1792 4608 11520 ]
A001787,Binomial,Std,TransNat0,[0 1 4 12 32 80 192 448 1024 2304 ]
A001792,Binomial,Std,TransNat1,[1 3 8 20 48 112 256 576 1280 2816 ]
A053121,Catalan,Std,Triangle,[1 0 1 1 0 1 0 2 0 1 ]
A052173,Catalan,Std,Reverse,[1 1 0 1 0 1 1 0 2 0 ]
A049310,Catalan,Std,Inverse,[1 0 1 -1 0 1 0 -2 0 1 ]
A053119,Catalan,Std,RevInv,[1 1 0 1 0 -1 1 0 -2 0 ]
nothing,Catalan,Std,DiagTri,[1 0 1 1 0 0 2 2 1 0 ]
nothing,Catalan,Std,PolyTri,[1 0 1 1 1 1 0 2 2 1 ]
A001405,Catalan,Std,Sum,[1 1 2 3 6 10 20 35 70 126 ]
A126869,Catalan,Std,EvenSum,[1 0 2 0 6 0 20 0 70 0 ]
A138364,Catalan,Std,OddSum,[0 1 0 3 0 10 0 35 0 126 ]
A001405,Catalan,Std,AltSum,[1 -1 2 -3 6 -10 20 -35 70 -126 ]
nothing,Catalan,Std,DiagSum,[1 0 2 0 5 0 14 0 42 0 ]
nothing,Catalan,Std,Middle,[1 0 0 2 3 0 0 14 20 0 ]
nothing,Catalan,Std,Central,[1 0 3 0 20 0 154 0 1260 0 ]
A126120,Catalan,Std,LeftSide,[1 0 1 0 2 0 5 0 14 0 ]
A000012,Catalan,Std,RightSide,[1 1 1 1 1 1 1 1 1 1 ]
A121724,Catalan,Std,PosHalf,[1 1 5 9 45 97 485 1145 5725 14289 ]
A121724,Catalan,Std,NegHalf,[1 1 5 9 45 97 485 1145 5725 14289 ]
A054341,Catalan,Std,PolyVal2,[1 2 5 12 30 74 185 460 1150 2868 ]
A126931,Catalan,Std,PolyVal3,[1 3 10 33 110 366 1220 4065 13550 45162 ]
nothing,Catalan,Std,BinConv,[1 1 2 7 21 66 216 715 2395 8101 ]
nothing,Catalan,Std,IBinConv,[1 1 2 7 21 66 216 715 2395 8101 ]
nothing,Catalan,Std,TransSqrs,[0 1 4 11 28 66 152 339 748 1622 ]
A045621,Catalan,Std,TransNat0,[0 1 2 5 10 22 44 93 186 386 ]
A000079,Catalan,Std,TransNat1,[1 2 4 8 16 32 64 128 256 512 ]
A078521,DArcais,Std,Triangle,[1 0 1 0 3 1 0 8 9 1 ]
nothing,DArcais,Std,Reverse,[1 1 0 1 3 0 1 9 8 0 ]
nothing,DArcais,Std,Inverse,[1 0 1 0 -3 1 0 19 -9 1 ]
nothing,DArcais,Std,RevInv,[1 1 0 1 -3 0 1 -9 19 0 ]
nothing,DArcais,Std,DiagTri,[1 0 0 1 0 3 0 8 1 0 ]
nothing,DArcais,Std,PolyTri,[1 0 1 0 1 1 0 4 2 1 ]
A053529,DArcais,Std,Sum,[1 1 4 18 120 840 7920 75600 887040 10886400 ]
nothing,DArcais,Std,EvenSum,[1 0 1 9 60 480 3960 40320 443520 5443200 ]
nothing,DArcais,Std,OddSum,[0 1 3 9 60 360 3960 35280 443520 5443200 ]
A293140,DArcais,Std,AltSum,[1 -1 -2 0 0 120 0 5040 0 0 ]
nothing,DArcais,Std,DiagSum,[1 0 1 3 9 51 204 1908 9370 109017 ]
nothing,DArcais,Std,Middle,[1 0 3 8 59 450 2475 28294 147889 2341332 ]
nothing,DArcais,Std,Central,[1 3 59 2475 147889 11744775 1163220575 137914387611 19052174174033 3005469776175867 ]
A000007,DArcais,Std,LeftSide,[1 0 0 0 0 0 0 0 0 0 ]
A000012,DArcais,Std,RightSide,[1 1 1 1 1 1 1 1 1 1 ]
nothing,DArcais,Std,PosHalf,[1 1 7 51 609 6825 122535 1890315 41928705 884551185 ]
nothing,DArcais,Std,NegHalf,[1 1 -5 15 -135 -495 -9405 -237825 363825 -42652575 ]
nothing,DArcais,Std,PolyVal2,[1 2 10 60 480 4320 46800 554400 7459200 108864000 ]
nothing,DArcais,Std,PolyVal3,[1 3 18 132 1224 12960 159120 2162160 32659200 536699520 ]
nothing,DArcais,Std,BinConv,[1 1 7 52 595 7521 117796 2033004 39834159 852065323 ]
nothing,DArcais,Std,IBinConv,[1 1 -5 -2 115 -1779 976 79668 -2574417 32044003 ]
nothing,DArcais,Std,TransSqrs,[0 1 7 53 456 4384 47492 566516 7457384 106329384 ]
A057623,DArcais,Std,TransNat0,[0 1 5 29 218 1814 18144 196356 2427312 32304240 ]
nothing,DArcais,Std,TransNat1,[1 2 9 47 338 2654 26064 271956 3314352 43190640 ]
A008288,Delannoy,Std,Triangle,[1 1 1 1 3 1 1 5 5 1 ]
A008288,Delannoy,Std,Reverse,[1 1 1 1 3 1 1 5 5 1 ]
A103136,Delannoy,Std,Inverse,[1 -1 1 2 -3 1 -6 10 -5 1 ]
A033878,Delannoy,Std,RevInv,[1 1 -1 1 -3 2 1 -5 10 -6 ]
A103136,Delannoy,Std,InvRev,[1 -1 1 2 -3 1 -6 10 -5 1 ]
nothing,Delannoy,Std,DiagTri,[1 1 1 1 1 3 1 5 1 1 ]
nothing,Delannoy,Std,PolyTri,[1 1 1 1 2 1 1 5 3 1 ]
A077985,Delannoy,Std,Sum,[1 2 5 12 29 70 169 408 985 2378 ]
A116404,Delannoy,Std,EvenSum,[1 1 2 6 15 35 84 204 493 1189 ]
nothing,Delannoy,Std,OddSum,[0 1 3 6 14 35 85 204 492 1189 ]
A014581,Delannoy,Std,AltSum,[1 0 -1 0 1 0 -1 0 1 0 ]
nothing,Delannoy,Std,DiagSum,[1 1 2 4 7 13 24 44 81 149 ]
A026003,Delannoy,Std,Middle,[1 1 3 5 13 25 63 129 321 681 ]
A001850,Delannoy,Std,Central,[1 3 13 63 321 1683 8989 48639 265729 1462563 ]
A000012,Delannoy,Std,LeftSide,[1 1 1 1 1 1 1 1 1 1 ]
A000012,Delannoy,Std,RightSide,[1 1 1 1 1 1 1 1 1 1 ]
A007482,Delannoy,Std,PosHalf,[1 3 11 39 139 495 1763 6279 22363 79647 ]
A077020,Delannoy,Std,NegHalf,[1 -1 -1 3 -1 -5 7 3 -17 11 ]
A007482,Delannoy,Std,PolyVal2,[1 3 11 39 139 495 1763 6279 22363 79647 ]
A015530,Delannoy,Std,PolyVal3,[1 4 19 88 409 1900 8827 41008 190513 885076 ]
A006139,Delannoy,Std,BinConv,[1 2 8 32 136 592 2624 11776 53344 243392 ]
nothing,Delannoy,Std,IBinConv,[1 0 -4 0 24 0 -160 0 1120 0 ]
nothing,Delannoy,Std,TransSqrs,[0 1 7 34 138 503 1709 5524 17204 52061 ]
nothing,Delannoy,Std,TransNat0,[0 1 5 18 58 175 507 1428 3940 10701 ]
A026937,Delannoy,Std,TransNat1,[1 3 10 30 87 245 676 1836 4925 13079 ]
A109449,Euler,Std,Triangle,[1 1 1 1 2 1 2 3 3 1 ]
nothing,Euler,Std,Reverse,[1 1 1 1 2 1 1 3 3 2 ]
A109449,Euler,Std,Inverse,[1 -1 1 1 -2 1 -2 3 -3 1 ]
nothing,Euler,Std,RevInv,[1 1 -1 1 -2 1 1 -3 3 -2 ]
nothing,Euler,Std,DiagTri,[1 1 1 1 2 2 5 3 1 16 ]
nothing,Euler,Std,PolyTri,[1 1 1 1 2 1 2 4 3 1 ]
A000667,Euler,Std,Sum,[1 2 4 9 24 77 294 1309 6664 38177 ]
A062272,Euler,Std,EvenSum,[1 1 2 5 12 41 152 685 3472 19921 ]
A062161,Euler,Std,OddSum,[0 1 2 4 12 36 142 624 3192 18256 ]
A062162,Euler,Std,AltSum,[1 0 0 1 0 5 10 61 280 1665 ]
nothing,Euler,Std,DiagSum,[1 1 2 4 9 27 93 392 1898 10493 ]
nothing,Euler,Std,Middle,[1 1 2 3 6 20 40 175 350 2016 ]
nothing,Euler,Std,Central,[1 2 6 40 350 4032 56364 933504 17824950 385848320 ]
A000111,Euler,Std,LeftSide,[1 1 1 2 5 16 61 272 1385 7936 ]
A000012,Euler,Std,RightSide,[1 1 1 1 1 1 1 1 1 1 ]
A000834,Euler,Std,PosHalf,[1 3 9 35 177 1123 8569 76355 777697 8911683 ]
nothing,Euler,Std,NegHalf,[1 -1 1 -9 33 -241 1761 -15929 161473 -1853281 ]
A000752,Euler,Std,PolyVal2,[1 3 9 28 93 338 1369 6238 31993 183618 ]
A307878,Euler,Std,PolyVal3,[1 4 16 65 272 1189 5506 27365 147512 868129 ]
nothing,Euler,Std,BinConv,[1 2 6 21 90 467 2824 19383 148414 1251935 ]
nothing,Euler,Std,IBinConv,[1 0 -2 -1 -6 -15 0 -271 574 -5379 ]
nothing,Euler,Std,TransSqrs,[0 1 6 24 84 300 1182 5292 26936 154224 ]
A231179,Euler,Std,TransNat0,[0 1 4 12 36 120 462 2058 10472 59976 ]
A000737,Euler,Std,TransNat1,[1 3 8 21 60 197 756 3367 17136 98153 ]
A119879,EulerS,Std,Triangle,[1 0 1 -1 0 1 0 -3 0 1 ]
nothing,EulerS,Std,Reverse,[1 1 0 1 0 -1 1 0 -3 0 ]
A119467,EulerS,Std,Inverse,[1 0 1 1 0 1 0 3 0 1 ]
A141665,EulerS,Std,RevInv,[1 1 0 1 0 1 1 0 3 0 ]
nothing,EulerS,Std,DiagTri,[1 0 -1 1 0 0 5 -3 1 0 ]
A247498,EulerS,Std,PolyTri,[1 0 1 -1 1 1 0 0 2 1 ]
A009006,EulerS,Std,Sum,[1 1 0 -2 0 16 0 -272 0 7936 ]
A000007,EulerS,Std,EvenSum,[1 0 0 0 0 0 0 0 0 0 ]
A009006,EulerS,Std,OddSum,[0 1 0 -2 0 16 0 -272 0 7936 ]
A009006,EulerS,Std,AltSum,[1 -1 0 2 0 -16 0 272 0 -7936 ]
nothing,EulerS,Std,DiagSum,[1 0 0 0 3 0 -41 0 1024 0 ]
nothing,EulerS,Std,Middle,[1 0 0 -3 -6 0 0 175 350 0 ]
nothing,EulerS,Std,Central,[1 0 -6 0 350 0 -56364 0 17824950 0 ]
A122045,EulerS,Std,LeftSide,[1 0 -1 0 5 0 -61 0 1385 0 ]
A000012,EulerS,Std,RightSide,[1 1 1 1 1 1 1 1 1 1 ]
A001586,EulerS,Std,PosHalf,[1 1 -3 -11 57 361 -2763 -24611 250737 2873041 ]
A001586,EulerS,Std,NegHalf,[1 1 -3 -11 57 361 -2763 -24611 250737 2873041 ]
A119880,EulerS,Std,PolyVal2,[1 2 3 2 -3 2 63 2 -1383 2 ]
A119881,EulerS,Std,PolyVal3,[1 3 8 18 32 48 128 528 512 -6912 ]
nothing,EulerS,Std,BinConv,[1 1 0 -8 -30 26 840 2696 -22722 -240146 ]
nothing,EulerS,Std,IBinConv,[1 1 0 -8 -30 26 840 2696 -22722 -240146 ]
nothing,EulerS,Std,TransSqrs,[0 1 4 6 -8 -40 96 672 -2176 -19584 ]
A109573,EulerS,Std,TransNat0,[0 1 2 0 -8 0 96 0 -2176 0 ]
nothing,EulerS,Std,TransNat1,[1 2 2 -2 -8 16 96 -272 -2176 7936 ]
A162660,EulerT,Std,Triangle,[0 1 0 0 2 0 -2 0 3 0 ]
nothing,EulerT,Std,Reverse,[0 0 1 0 2 0 0 3 0 -2 ]
nothing,EulerT,Std,DiagTri,[0 1 0 0 -2 2 0 0 0 16 ]
nothing,EulerT,Std,PolyTri,[0 1 0 0 1 0 -2 2 1 0 ]
A009832,EulerT,Std,Sum,[0 1 2 1 -4 1 62 1 -1384 1 ]
A000035,EulerT,Std,EvenSum,[0 1 0 1 0 1 0 1 0 1 ]
nothing,EulerT,Std,OddSum,[0 0 2 0 -4 0 62 0 -1384 0 ]
A009832,EulerT,Std,AltSum,[0 1 -2 1 4 1 -62 1 1384 1 ]
nothing,EulerT,Std,DiagSum,[0 1 0 0 0 11 0 -192 0 6061 ]
nothing,EulerT,Std,Middle,[0 1 2 0 0 -20 -40 0 0 2016 ]
A214447,EulerT,Std,Central,[0 2 0 -40 0 4032 0 -933504 0 385848320 ]
A009006,EulerT,Std,LeftSide,[0 1 0 -2 0 16 0 -272 0 7936 ]
A000004,EulerT,Std,RightSide,[0 0 0 0 0 0 0 0 0 0 ]
nothing,EulerT,Std,PosHalf,[0 1 2 -5 -28 181 1382 -12305 -125368 1436521 ]
nothing,EulerT,Std,NegHalf,[0 1 2 -5 -28 181 1382 -12305 -125368 1436521 ]
nothing,EulerT,Std,PolyVal2,[0 1 4 10 16 16 64 400 256 -7424 ]
nothing,EulerT,Std,PolyVal3,[0 1 6 25 84 241 666 2185 7944 19681 ]
nothing,EulerT,Std,BinConv,[0 1 4 7 -16 -159 -188 4383 26560 -104591 ]
nothing,EulerT,Std,IBinConv,[0 -1 -4 -7 16 159 188 -4383 -26560 104591 ]
nothing,EulerT,Std,TransSqrs,[0 0 2 12 28 0 -114 476 3480 -12384 ]
nothing,EulerT,Std,TransNat0,[0 0 2 6 4 -20 6 434 8 -12456 ]
nothing,EulerT,Std,TransNat1,[0 1 4 7 0 -19 68 435 -1376 -12455 ]
A173018,Eulerian,Std,Triangle,[1 1 0 1 1 0 1 4 1 0 ]
A123125,Eulerian,Std,Reverse,[1 0 1 0 1 1 0 1 4 1 ]
nothing,Eulerian,Std,InvRev,[1 0 1 0 -1 1 0 3 -4 1 ]
nothing,Eulerian,Std,DiagTri,[1 1 1 0 1 1 1 4 0 1 ]
A332700,Eulerian,Std,PolyTri,[1 1 1 1 1 1 1 2 1 1 ]
A000142,Eulerian,Std,Sum,[1 1 2 6 24 120 720 5040 40320 362880 ]
A128103,Eulerian,Std,EvenSum,[1 1 1 2 12 68 360 2384 20160 185408 ]
A262745,Eulerian,Std,OddSum,[0 0 1 4 12 52 360 2656 20160 177472 ]
A009006,Eulerian,Std,AltSum,[1 1 0 -2 0 16 0 -272 0 7936 ]
A000800,Eulerian,Std,DiagSum,[1 1 1 2 5 13 38 125 449 1742 ]
A006551,Eulerian,Std,Middle,[1 1 1 4 11 66 302 2416 15619 156190 ]
A180056,Eulerian,Std,Central,[1 1 11 302 15619 1310354 162512286 27971176092 6382798925475 1865385657780650 ]
A000012,Eulerian,Std,LeftSide,[1 1 1 1 1 1 1 1 1 1 ]
A000007,Eulerian,Std,RightSide,[1 0 0 0 0 0 0 0 0 0 ]
A000670,Eulerian,Std,PosHalf,[1 1 3 13 75 541 4683 47293 545835 7087261 ]
A087674,Eulerian,Std,NegHalf,[1 1 -1 -3 15 21 -441 477 19935 -101979 ]
A000670,Eulerian,Std,PolyVal2,[1 1 3 13 75 541 4683 47293 545835 7087261 ]
A122704,Eulerian,Std,PolyVal3,[1 1 4 22 160 1456 15904 202672 2951680 48361216 ]
A011818,Eulerian,Std,BinConv,[1 1 3 16 115 1056 11774 154624 2337507 39984640 ]
nothing,Eulerian,Std,IBinConv,[1 -1 -1 8 19 -276 -1002 21216 103395 -2881180 ]
nothing,Eulerian,Std,TransSqrs,[0 0 1 8 64 540 4920 48720 524160 6108480 ]
A180119,Eulerian,Std,TransNat0,[0 0 1 6 36 240 1800 15120 141120 1451520 ]
A001710,Eulerian,Std,TransNat1,[1 1 3 12 60 360 2520 20160 181440 1814400 ]
A340556,EulerianSO2,Std,Triangle,[1 0 1 0 1 2 0 1 8 6 ]
A163936,EulerianSO2,Std,Reverse,[1 1 0 2 1 0 6 8 1 0 ]
nothing,EulerianSO2,Std,DiagTri,[1 0 0 1 0 1 0 1 2 0 ]
nothing,EulerianSO2,Std,PolyTri,[1 0 1 0 1 1 0 3 2 1 ]
A001147,EulerianSO2,Std,Sum,[1 1 3 15 105 945 10395 135135 2027025 34459425 ]
nothing,EulerianSO2,Std,EvenSum,[1 0 2 8 46 496 5234 66344 1021918 17237488 ]
nothing,EulerianSO2,Std,OddSum,[0 1 1 7 59 449 5161 68791 1005107 17221937 ]
A001662,EulerianSO2,Std,AltSum,[1 -1 1 1 -13 47 73 -2447 16811 15551 ]
nothing,EulerianSO2,Std,DiagSum,[1 0 1 1 3 9 29 111 467 2137 ]
nothing,EulerianSO2,Std,Middle,[1 0 1 1 22 52 1452 5610 195800 1062500 ]
nothing,EulerianSO2,Std,Central,[1 1 22 1452 195800 44765000 15548960784 7634832149392 5036317938475648 4297211671488276816 ]
A000007,EulerianSO2,Std,LeftSide,[1 0 0 0 0 0 0 0 0 0 ]
A000142,EulerianSO2,Std,RightSide,[1 1 2 6 24 120 720 5040 40320 362880 ]
A000311,EulerianSO2,Std,PosHalf,[1 1 4 26 236 2752 39208 660032 12818912 282137824 ]
A341106,EulerianSO2,Std,NegHalf,[1 1 0 -6 -12 144 1080 -5184 -127008 -95904 ]
A112487,EulerianSO2,Std,PolyVal2,[1 2 10 82 938 13778 247210 5240338 128149802 3551246162 ]
nothing,EulerianSO2,Std,PolyVal3,[1 3 21 237 3711 74451 1822557 52680189 1755990327 66313036227 ]
nothing,EulerianSO2,Std,BinConv,[1 1 4 33 392 6145 119724 2789465 75660080 2341894185 ]
nothing,EulerianSO2,Std,IBinConv,[1 1 0 -15 -80 665 17136 55209 -4162752 -83069415 ]
nothing,EulerianSO2,Std,TransSqrs,[0 1 9 87 995 13265 202545 3489255 66981915 1418241825 ]
A051577,EulerianSO2,Std,TransNat0,[0 1 5 35 315 3465 45045 675675 11486475 218243025 ]
nothing,EulerianSO2,Std,TransNat1,[1 2 8 50 420 4410 55440 810810 13513500 252702450 ]
A008279,FallingFact,Std,Triangle,[1 1 1 1 2 2 1 3 6 6 ]
A094587,FallingFact,Std,Reverse,[1 1 1 2 2 1 6 6 3 1 ]
A128229,FallingFact,Std,InvRev,[1 -1 1 0 -2 1 0 0 -3 1 ]
nothing,FallingFact,Std,DiagTri,[1 1 1 1 1 2 1 3 2 1 ]
nothing,FallingFact,Std,PolyTri,[1 1 1 1 2 1 1 5 3 1 ]
A000522,FallingFact,Std,Sum,[1 2 5 16 65 326 1957 13700 109601 986410 ]
A087208,FallingFact,Std,EvenSum,[1 1 3 7 37 141 1111 5923 62217 426457 ]
A002747,FallingFact,Std,OddSum,[0 1 2 9 28 185 846 7777 47384 559953 ]
A000166,FallingFact,Std,AltSum,[1 0 1 -2 9 -44 265 -1854 14833 -133496 ]
A122852,FallingFact,Std,DiagSum,[1 1 2 3 6 11 24 51 122 291 ]
A205825,FallingFact,Std,Middle,[1 1 2 3 12 20 120 210 1680 3024 ]
A001813,FallingFact,Std,Central,[1 2 12 120 1680 30240 665280 17297280 518918400 17643225600 ]
A000012,FallingFact,Std,LeftSide,[1 1 1 1 1 1 1 1 1 1 ]
A000142,FallingFact,Std,RightSide,[1 1 2 6 24 120 720 5040 40320 362880 ]
A010842,FallingFact,Std,PosHalf,[1 3 10 38 168 872 5296 37200 297856 2681216 ]
A000023,FallingFact,Std,NegHalf,[1 -1 2 -2 8 8 112 656 5504 49024 ]
A010844,FallingFact,Std,PolyVal2,[1 3 13 79 633 6331 75973 1063623 17017969 306323443 ]
A010845,FallingFact,Std,PolyVal3,[1 4 25 226 2713 40696 732529 15383110 369194641 9968255308 ]
A002720,FallingFact,Std,BinConv,[1 2 7 34 209 1546 13327 130922 1441729 17572114 ]
A009940,FallingFact,Std,IBinConv,[1 0 -1 -4 -15 -56 -185 -204 6209 112400 ]
nothing,FallingFact,Std,TransSqrs,[0 1 10 81 652 5545 50886 506905 5480056 64116657 ]
A093964,FallingFact,Std,TransNat0,[0 1 6 33 196 1305 9786 82201 767208 7891281 ]
A001339,FallingFact,Std,TransNat1,[1 3 11 49 261 1631 11743 95901 876809 8877691 ]
A193737,Fibonacci,Std,Triangle,[1 1 1 1 2 1 2 4 3 1 ]
A193736,Fibonacci,Std,Reverse,[1 1 1 1 2 1 1 3 4 2 ]
nothing,Fibonacci,Std,Inverse,[1 -1 1 1 -2 1 -1 2 -3 1 ]
nothing,Fibonacci,Std,RevInv,[1 1 -1 1 -2 1 1 -3 2 -1 ]
A119473,Fibonacci,Std,DiagTri,[1 1 1 1 2 2 3 4 1 5 ]
nothing,Fibonacci,Std,PolyTri,[1 1 1 1 2 1 2 4 3 1 ]
A052542,Fibonacci,Std,Sum,[1 2 4 10 24 58 140 338 816 1970 ]
A215928,Fibonacci,Std,EvenSum,[1 1 2 5 12 29 70 169 408 985 ]
A000129,Fibonacci,Std,OddSum,[0 1 2 5 12 29 70 169 408 985 ]
A000007,Fibonacci,Std,AltSum,[1 0 0 0 0 0 0 0 0 0 ]
A011782,Fibonacci,Std,DiagSum,[1 1 2 4 8 16 32 64 128 256 ]
nothing,Fibonacci,Std,Middle,[1 1 2 4 8 19 36 91 170 446 ]
A330793,Fibonacci,Std,Central,[1 2 8 36 170 826 4088 20496 103752 529100 ]
A274163,Fibonacci,Std,LeftSide,[1 1 1 2 3 5 8 13 21 34 ]
A000012,Fibonacci,Std,RightSide,[1 1 1 1 1 1 1 1 1 1 ]
A330795,Fibonacci,Std,PosHalf,[1 3 9 39 153 615 2457 9831 39321 157287 ]
A006131,Fibonacci,Std,NegHalf,[1 -1 1 -5 9 -29 65 -181 441 -1165 ]
A052906,Fibonacci,Std,PolyVal2,[1 3 9 30 99 327 1080 3567 11781 38910 ]
nothing,Fibonacci,Std,PolyVal3,[1 4 16 68 288 1220 5168 21892 92736 392836 ]
nothing,Fibonacci,Std,BinConv,[1 2 6 24 100 426 1848 8120 36018 160940 ]
nothing,Fibonacci,Std,IBinConv,[1 0 -2 2 4 -14 0 58 -78 -162 ]
nothing,Fibonacci,Std,TransSqrs,[0 1 6 25 92 313 1010 3137 9464 27905 ]
A119915,Fibonacci,Std,TransNat0,[0 1 4 13 40 117 332 921 2512 6761 ]
A331321,Fibonacci,Std,TransNat1,[1 3 8 23 64 175 472 1259 3328 8731 ]
A321622,Fine,Std,Triangle,[1 1 1 0 1 1 1 1 1 1 ]
nothing,Fine,Std,Reverse,[1 1 1 1 1 0 1 1 1 1 ]
nothing,Fine,Std,Inverse,[1 -1 1 1 -1 1 -1 0 -1 1 ]
nothing,Fine,Std,RevInv,[1 1 -1 1 -1 1 1 -1 0 -1 ]
nothing,Fine,Std,DiagTri,[1 1 0 1 1 1 2 1 1 6 ]
nothing,Fine,Std,PolyTri,[1 1 1 0 2 1 1 2 3 1 ]
A002420,Fine,Std,Sum,[1 2 2 4 10 28 84 264 858 2860 ]
A115140,Fine,Std,EvenSum,[1 1 1 2 5 14 42 132 429 1430 ]
A000108,Fine,Std,OddSum,[0 1 1 2 5 14 42 132 429 1430 ]
A000007,Fine,Std,AltSum,[1 0 0 0 0 0 0 0 0 0 ]
nothing,Fine,Std,DiagSum,[1 1 1 2 4 11 31 96 306 1010 ]
nothing,Fine,Std,Middle,[1 1 1 1 2 7 10 29 40 136 ]
nothing,Fine,Std,Central,[1 1 2 10 40 181 812 3732 17280 80740 ]
A064310,Fine,Std,LeftSide,[1 1 0 1 2 6 18 57 186 622 ]
A000012,Fine,Std,RightSide,[1 1 1 1 1 1 1 1 1 1 ]
nothing,Fine,Std,PosHalf,[1 3 3 15 75 423 2547 16047 104475 697335 ]
nothing,Fine,Std,NegHalf,[1 -1 -1 -5 7 -77 399 -2661 17175 -115517 ]
nothing,Fine,Std,PolyVal2,[1 3 6 15 42 126 396 1287 4290 14586 ]
A100320,Fine,Std,PolyVal3,[1 4 12 40 140 504 1848 6864 25740 97240 ]
nothing,Fine,Std,BinConv,[1 2 3 8 35 162 756 3600 17451 85670 ]
nothing,Fine,Std,IBinConv,[1 0 -1 0 -5 0 -28 0 -165 0 ]
nothing,Fine,Std,TransSqrs,[0 1 5 14 37 106 322 1020 3333 11154 ]
nothing,Fine,Std,TransNat0,[0 1 3 6 15 42 126 396 1287 4290 ]
nothing,Fine,Std,TransNat1,[1 3 5 10 25 70 210 660 2145 7150 ]
A131689,Fubini,Std,Triangle,[1 0 1 0 1 2 0 1 6 6 ]
nothing,Fubini,Std,Reverse,[1 1 0 2 1 0 6 6 1 0 ]
nothing,Fubini,Std,DiagTri,[1 0 0 1 0 1 0 1 2 0 ]
nothing,Fubini,Std,PolyTri,[1 0 1 0 1 1 0 3 2 1 ]
A000670,Fubini,Std,Sum,[1 1 3 13 75 541 4683 47293 545835 7087261 ]
A052841,Fubini,Std,EvenSum,[1 0 2 6 38 270 2342 23646 272918 3543630 ]
A089677,Fubini,Std,OddSum,[0 1 1 7 37 271 2341 23647 272917 3543631 ]
A000012,Fubini,Std,AltSum,[1 -1 1 -1 1 -1 1 -1 1 -1 ]
A105795,Fubini,Std,DiagSum,[1 0 1 1 3 7 21 67 237 907 ]
nothing,Fubini,Std,Middle,[1 0 1 1 14 30 540 1806 40824 186480 ]
A210029,Fubini,Std,Central,[1 1 14 540 40824 5103000 953029440 248619571200 86355926616960 38528927611574400 ]
A000007,Fubini,Std,LeftSide,[1 0 0 0 0 0 0 0 0 0 ]
A000142,Fubini,Std,RightSide,[1 1 2 6 24 120 720 5040 40320 362880 ]
A122704,Fubini,Std,PosHalf,[1 1 4 22 160 1456 15904 202672 2951680 48361216 ]
A009006,Fubini,Std,NegHalf,[1 1 0 -2 0 16 0 -272 0 7936 ]
A004123,Fubini,Std,PolyVal2,[1 2 10 74 730 9002 133210 2299754 45375130 1007179562 ]
A032033,Fubini,Std,PolyVal3,[1 3 21 219 3045 52923 1103781 26857659 746870565 23365498683 ]
A000312,Fubini,Std,BinConv,[1 1 4 27 256 3125 46656 823543 16777216 387420489 ]
nothing,Fubini,Std,IBinConv,[1 1 0 -9 -40 125 3444 18571 -241872 -5796711 ]
A083411,Fubini,Std,TransSqrs,[0 1 9 79 765 8311 100989 1362439 20246445 328972471 ]
A069321,Fubini,Std,TransNat0,[0 1 5 31 233 2071 21305 249271 3270713 47580151 ]
A005649,Fubini,Std,TransNat1,[1 2 8 44 308 2612 25988 296564 3816548 54667412 ]
A066325,Hermite,Std,Triangle,[1 0 1 1 0 1 0 3 0 1 ]
A073278,Hermite,Std,Reverse,[1 1 0 1 0 1 1 0 3 0 ]
A066325,Hermite,Std,Inverse,[1 0 1 -1 0 1 0 -3 0 1 ]
A073278,Hermite,Std,RevInv,[1 1 0 1 0 -1 1 0 -3 0 ]
nothing,Hermite,Std,DiagTri,[1 0 1 1 0 0 3 3 1 0 ]
nothing,Hermite,Std,PolyTri,[1 0 1 1 1 1 0 2 2 1 ]
A000085,Hermite,Std,Sum,[1 1 2 4 10 26 76 232 764 2620 ]
nothing,Hermite,Std,EvenSum,[1 0 2 0 10 0 76 0 764 0 ]
nothing,Hermite,Std,OddSum,[0 1 0 4 0 26 0 232 0 2620 ]
A000085,Hermite,Std,AltSum,[1 -1 2 -4 10 -26 76 -232 764 -2620 ]
nothing,Hermite,Std,DiagSum,[1 0 2 0 7 0 37 0 266 0 ]
nothing,Hermite,Std,Middle,[1 0 0 3 6 0 0 105 210 0 ]
nothing,Hermite,Std,Central,[1 0 6 0 210 0 13860 0 1351350 0 ]
A123023,Hermite,Std,LeftSide,[1 0 1 0 3 0 15 0 105 0 ]
A000012,Hermite,Std,RightSide,[1 1 1 1 1 1 1 1 1 1 ]
A115329,Hermite,Std,PosHalf,[1 1 5 13 73 281 1741 8485 57233 328753 ]
A115329,Hermite,Std,NegHalf,[1 1 5 13 73 281 1741 8485 57233 328753 ]
A005425,Hermite,Std,PolyVal2,[1 2 5 14 43 142 499 1850 7193 29186 ]
A202834,Hermite,Std,PolyVal3,[1 3 10 36 138 558 2364 10440 47868 227124 ]
nothing,Hermite,Std,BinConv,[1 1 2 10 40 176 916 4852 27350 163270 ]
nothing,Hermite,Std,IBinConv,[1 1 2 10 40 176 916 4852 27350 163270 ]
nothing,Hermite,Std,TransSqrs,[0 1 4 12 40 130 456 1624 6112 23580 ]
A013989,Hermite,Std,TransNat0,[0 1 2 6 16 50 156 532 1856 6876 ]
A000085,Hermite,Std,TransNat1,[1 2 4 10 26 76 232 764 2620 9496 ]
A021009,Laguerre,Std,Triangle,[1 1 1 2 4 1 6 18 9 1 ]
A021010,Laguerre,Std,Reverse,[1 1 1 1 4 2 1 9 18 6 ]
A021009,Laguerre,Std,Inverse,[1 -1 1 2 -4 1 -6 18 -9 1 ]
A021010,Laguerre,Std,RevInv,[1 1 -1 1 -4 2 1 -9 18 -6 ]
A084950,Laguerre,Std,DiagTri,[1 1 2 1 6 4 24 18 1 120 ]
nothing,Laguerre,Std,PolyTri,[1 1 1 2 2 1 6 7 3 1 ]
A002720,Laguerre,Std,Sum,[1 2 7 34 209 1546 13327 130922 1441729 17572114 ]
A331325,Laguerre,Std,EvenSum,[1 1 3 15 97 745 6571 65359 723969 8842257 ]
A331326,Laguerre,Std,OddSum,[0 1 4 19 112 801 6756 65563 717760 8729857 ]
A009940,Laguerre,Std,AltSum,[1 0 -1 -4 -15 -56 -185 -204 6209 112400 ]
A001040,Laguerre,Std,DiagSum,[1 1 3 10 43 225 1393 9976 81201 740785 ]
nothing,Laguerre,Std,Middle,[1 1 4 18 72 600 2400 29400 117600 1905120 ]
A295383,Laguerre,Std,Central,[1 4 72 2400 117600 7620480 614718720 59364264960 6678479808000 857813628672000 ]
A000142,Laguerre,Std,LeftSide,[1 1 2 6 24 120 720 5040 40320 362880 ]
A000012,Laguerre,Std,RightSide,[1 1 1 1 1 1 1 1 1 1 ]
A025167,Laguerre,Std,PosHalf,[1 3 17 139 1473 19091 291793 5129307 101817089 2250495523 ]
A025166,Laguerre,Std,NegHalf,[1 -1 1 7 -127 1711 -23231 334391 -5144063 84149983 ]
A087912,Laguerre,Std,PolyVal2,[1 3 14 86 648 5752 58576 671568 8546432 119401856 ]
A277382,Laguerre,Std,PolyVal3,[1 4 23 168 1473 14988 173007 2228544 31636449 490102164 ]
A216831,Laguerre,Std,BinConv,[1 2 11 88 905 11246 162607 2668436 48830273 983353690 ]
nothing,Laguerre,Std,IBinConv,[1 0 -5 22 9 -1244 14335 -79470 -586943 25131304 ]
A105219,Laguerre,Std,TransSqrs,[0 1 8 63 544 5225 55656 653023 8379008 116780049 ]
A103194,Laguerre,Std,TransNat0,[0 1 6 39 292 2505 24306 263431 3154824 41368977 ]
A000262,Laguerre,Std,TransNat1,[1 3 13 73 501 4051 37633 394353 4596553 58941091 ]
A111596,Lah,Std,Triangle,[1 0 1 0 2 1 0 6 6 1 ]
nothing,Lah,Std,Reverse,[1 1 0 1 2 0 1 6 6 0 ]
A111596,Lah,Std,Inverse,[1 0 1 0 -2 1 0 6 -6 1 ]
nothing,Lah,Std,RevInv,[1 1 0 1 -2 0 1 -6 6 0 ]
A330609,Lah,Std,DiagTri,[1 0 0 1 0 2 0 6 1 0 ]
A253286,Lah,Std,PolyTri,[1 0 1 0 1 1 0 3 2 1 ]
A000262,Lah,Std,Sum,[1 1 3 13 73 501 4051 37633 394353 4596553 ]
A088312,Lah,Std,EvenSum,[1 0 1 6 37 260 2101 19362 201097 2326536 ]
A088313,Lah,Std,OddSum,[0 1 2 7 36 241 1950 18271 193256 2270017 ]
A111884,Lah,Std,AltSum,[1 -1 -1 -1 1 19 151 1091 7841 56519 ]
A001053,Lah,Std,DiagSum,[1 0 1 2 7 30 157 972 6961 56660 ]
nothing,Lah,Std,Middle,[1 0 2 6 36 240 1200 12600 58800 846720 ]
A187535,Lah,Std,Central,[1 2 36 1200 58800 3810240 307359360 29682132480 3339239904000 428906814336000 ]
A000007,Lah,Std,LeftSide,[1 0 0 0 0 0 0 0 0 0 ]
A000012,Lah,Std,RightSide,[1 1 1 1 1 1 1 1 1 1 ]
A025168,Lah,Std,PosHalf,[1 1 5 37 361 4361 62701 1044205 19748177 417787921 ]
A318223,Lah,Std,NegHalf,[1 1 -3 13 -71 441 -2699 9157 206193 -8443151 ]
A052897,Lah,Std,PolyVal2,[1 2 8 44 304 2512 24064 261536 3173888 42483968 ]
A255806,Lah,Std,PolyVal3,[1 3 15 99 801 7623 83079 1017495 13808097 205374123 ]
nothing,Lah,Std,BinConv,[1 1 5 37 361 4301 60001 954325 16984577 333572041 ]
nothing,Lah,Std,IBinConv,[1 1 -3 1 73 -699 3001 24697 -783999 10946233 ]
A103194,Lah,Std,TransSqrs,[0 1 6 39 292 2505 24306 263431 3154824 41368977 ]
A052852,Lah,Std,TransNat0,[0 1 4 21 136 1045 9276 93289 1047376 12975561 ]
A002720,Lah,Std,TransNat1,[1 2 7 34 209 1546 13327 130922 1441729 17572114 ]
A064189,Motzkin,Std,Triangle,[1 1 1 2 2 1 4 5 3 1 ]
A026300,Motzkin,Std,Reverse,[1 1 1 1 2 2 1 3 5 4 ]
A101950,Motzkin,Std,Inverse,[1 -1 1 0 -2 1 1 1 -3 1 ]
nothing,Motzkin,Std,RevInv,[1 1 -1 1 -2 0 1 -3 1 1 ]
A106489,Motzkin,Std,DiagTri,[1 1 2 1 4 2 9 5 1 21 ]
A330792,Motzkin,Std,PolyTri,[1 1 1 2 2 1 4 5 3 1 ]
A005773,Motzkin,Std,Sum,[1 2 5 13 35 96 267 750 2123 6046 ]
A002426,Motzkin,Std,EvenSum,[1 1 3 7 19 51 141 393 1107 3139 ]
A005717,Motzkin,Std,OddSum,[0 1 2 6 16 45 126 357 1016 2907 ]
A005043,Motzkin,Std,AltSum,[1 0 1 1 3 6 15 36 91 232 ]
A342912,Motzkin,Std,DiagSum,[1 1 3 6 15 36 91 232 603 1585 ]
nothing,Motzkin,Std,Middle,[1 1 2 5 9 25 44 133 230 726 ]
A026302,Motzkin,Std,Central,[1 2 9 44 230 1242 6853 38376 217242 1239980 ]
A001006,Motzkin,Std,LeftSide,[1 1 2 4 9 21 51 127 323 835 ]
A000012,Motzkin,Std,RightSide,[1 1 1 1 1 1 1 1 1 1 ]
A330799,Motzkin,Std,PosHalf,[1 3 13 59 285 1419 7245 37659 198589 1059371 ]
A330800,Motzkin,Std,NegHalf,[1 -1 5 -17 77 -345 1653 -8097 40733 -208553 ]
A059738,Motzkin,Std,PolyVal2,[1 3 10 34 117 405 1407 4899 17083 59629 ]
nothing,Motzkin,Std,PolyVal3,[1 4 17 73 315 1362 5895 25528 110579 479068 ]
nothing,Motzkin,Std,BinConv,[1 2 7 29 128 587 2759 13190 63844 311948 ]
nothing,Motzkin,Std,IBinConv,[1 0 -1 3 0 -5 15 0 -28 84 ]
nothing,Motzkin,Std,TransSqrs,[0 1 6 26 100 361 1254 4245 14108 46247 ]
A330796,Motzkin,Std,TransNat0,[0 1 4 14 46 147 462 1437 4438 13637 ]
A000244,Motzkin,Std,TransNat1,[1 3 9 27 81 243 729 2187 6561 19683 ]
A090181,Narayana,Std,Triangle,[1 0 1 0 1 1 0 1 3 1 ]
A131198,Narayana,Std,Reverse,[1 1 0 1 1 0 1 3 1 0 ]
nothing,Narayana,Std,Inverse,[1 0 1 0 -1 1 0 2 -3 1 ]
nothing,Narayana,Std,RevInv,[1 1 0 1 -1 0 1 -3 2 0 ]
nothing,Narayana,Std,DiagTri,[1 0 0 1 0 1 0 1 1 0 ]
nothing,Narayana,Std,PolyTri,[1 0 1 0 1 1 0 2 2 1 ]
A000108,Narayana,Std,Sum,[1 1 2 5 14 42 132 429 1430 4862 ]
A071688,Narayana,Std,EvenSum,[1 0 1 3 7 20 66 217 715 2424 ]
A071684,Narayana,Std,OddSum,[0 1 1 2 7 22 66 212 715 2438 ]
A090192,Narayana,Std,AltSum,[1 -1 0 1 0 -2 0 5 0 -14 ]
nothing,Narayana,Std,DiagSum,[1 0 1 1 2 4 8 17 37 82 ]
nothing,Narayana,Std,Middle,[1 0 1 1 6 10 50 105 490 1176 ]
A125558,Narayana,Std,Central,[1 1 6 50 490 5292 60984 736164 9202050 118195220 ]
A000007,Narayana,Std,LeftSide,[1 0 0 0 0 0 0 0 0 0 ]
A000012,Narayana,Std,RightSide,[1 1 1 1 1 1 1 1 1 1 ]
A001003,Narayana,Std,PosHalf,[1 1 3 11 45 197 903 4279 20793 103049 ]
A154825,Narayana,Std,NegHalf,[1 1 -1 -1 5 -3 -21 51 41 -391 ]
A006318,Narayana,Std,PolyVal2,[1 2 6 22 90 394 1806 8558 41586 206098 ]
A047891,Narayana,Std,PolyVal3,[1 3 12 57 300 1686 9912 60213 374988 2381322 ]
nothing,Narayana,Std,BinConv,[1 1 3 13 65 356 2072 12601 79221 511174 ]
nothing,Narayana,Std,IBinConv,[1 1 -1 -5 9 56 -120 -825 1925 14014 ]
A141222,Narayana,Std,TransSqrs,[0 1 5 22 95 406 1722 7260 30459 127270 ]
A001700,Narayana,Std,TransNat0,[0 1 3 10 35 126 462 1716 6435 24310 ]
A189176,Narayana,Std,TransNat1,[1 2 5 15 49 168 594 2145 7865 29172 ]
A124320,RisingFact,Std,Triangle,[1 1 1 1 2 6 1 3 12 60 ]
nothing,RisingFact,Std,Reverse,[1 1 1 6 2 1 60 12 3 1 ]
nothing,RisingFact,Std,InvRev,[1 -1 1 -4 -2 1 -36 -6 -3 1 ]
nothing,RisingFact,Std,DiagTri,[1 1 1 1 1 2 1 3 6 1 ]
nothing,RisingFact,Std,PolyTri,[1 1 1 1 2 1 1 9 3 1 ]
A123680,RisingFact,Std,Sum,[1 2 9 76 985 17046 366289 9374968 278095761 9375293170 ]
nothing,RisingFact,Std,EvenSum,[1 1 7 13 861 1711 335707 670377 260702713 521092531 ]
nothing,RisingFact,Std,OddSum,[0 1 2 63 124 15335 30582 8704591 17393048 8854200639 ]
nothing,RisingFact,Std,AltSum,[1 0 5 -50 737 -13624 305125 -8034214 243309665 -8333108108 ]
nothing,RisingFact,Std,DiagSum,[1 1 2 3 10 17 86 157 1100 2081 ]
nothing,RisingFact,Std,Middle,[1 1 2 3 20 30 336 504 7920 11880 ]
nothing,RisingFact,Std,Central,[1 2 20 336 7920 240240 8910720 390700800 19769460480 1133836704000 ]
A000012,RisingFact,Std,LeftSide,[1 1 1 1 1 1 1 1 1 1 ]
A000407,RisingFact,Std,RightSide,[1 1 6 60 840 15120 332640 8648640 259459200 8821612800 ]
nothing,RisingFact,Std,PosHalf,[1 3 14 104 1208 19672 408832 10251712 299911808 10009405376 ]
nothing,RisingFact,Std,NegHalf,[1 -1 6 40 664 12408 282112 7506112 229153920 7898352832 ]
nothing,RisingFact,Std,PolyVal2,[1 3 29 535 14489 512531 22307893 1151462831 68717854385 4653803729899 ]
nothing,RisingFact,Std,PolyVal3,[1 4 61 1738 71473 3816196 250097293 19413459094 1741065412993 177112972757008 ]
A278070,RisingFact,Std,BinConv,[1 2 11 106 1457 25946 566827 14665106 438351041 14862109042 ]
A278069,RisingFact,Std,IBinConv,[1 0 3 32 465 8544 190435 4996032 150869313 5155334720 ]
nothing,RisingFact,Std,TransSqrs,[0 1 26 591 14604 406895 12782622 449204847 17499943736 749432500119 ]
nothing,RisingFact,Std,TransNat0,[0 1 14 207 3764 83015 2160234 64831151 2204676872 83786685039 ]
nothing,RisingFact,Std,TransNat1,[1 3 23 283 4749 100061 2526523 74206119 2482772633 93161978209 ]
A122538,SchroederB,Std,Triangle,[1 0 1 0 2 1 0 6 4 1 ]
nothing,SchroederB,Std,Reverse,[1 1 0 1 2 0 1 4 6 0 ]
A122542,SchroederB,Std,Inverse,[1 0 1 0 -2 1 0 2 -4 1 ]
A266213,SchroederB,Std,RevInv,[1 1 0 1 -2 0 1 -4 2 0 ]
nothing,SchroederB,Std,DiagTri,[1 0 0 1 0 2 0 6 1 0 ]
nothing,SchroederB,Std,PolyTri,[1 0 1 0 1 1 0 3 2 1 ]
A001003,SchroederB,Std,Sum,[1 1 3 11 45 197 903 4279 20793 103049 ]
nothing,SchroederB,Std,EvenSum,[1 0 1 4 17 76 353 1688 8257 41128 ]
A010683,SchroederB,Std,OddSum,[0 1 2 7 28 121 550 2591 12536 61921 ]
A001003,SchroederB,Std,AltSum,[1 -1 -1 -3 -11 -45 -197 -903 -4279 -20793 ]
nothing,SchroederB,Std,DiagSum,[1 0 1 2 7 26 107 468 2141 10124 ]
nothing,SchroederB,Std,Middle,[1 0 2 6 16 68 146 714 1408 7432 ]
A103885,SchroederB,Std,Central,[1 2 16 146 1408 14002 142000 1459810 15158272 158611106 ]
A000007,SchroederB,Std,LeftSide,[1 0 0 0 0 0 0 0 0 0 ]
A000012,SchroederB,Std,RightSide,[1 1 1 1 1 1 1 1 1 1 ]
A330802,SchroederB,Std,PosHalf,[1 1 5 33 253 2121 18853 174609 1667021 16290969 ]
A330803,SchroederB,Std,NegHalf,[1 1 -3 17 -123 1001 -8739 79969 -756939 7349657 ]
A109980,SchroederB,Std,PolyVal2,[1 2 8 36 172 852 4324 22332 116876 618084 ]
nothing,SchroederB,Std,PolyVal3,[1 3 15 81 453 2583 14907 86733 507561 2982987 ]
A178792,SchroederB,Std,BinConv,[1 1 5 31 209 1471 10625 78079 580865 4361215 ]
A255047,SchroederB,Std,IBinConv,[1 1 -3 7 -15 31 -63 127 -255 511 ]
A065096,SchroederB,Std,TransSqrs,[0 1 6 31 156 785 3978 20335 104856 545073 ]
A239204,SchroederB,Std,TransNat0,[0 1 4 17 76 353 1688 8257 41128 207905 ]
A010683,SchroederB,Std,TransNat1,[1 2 7 28 121 550 2591 12536 61921 310954 ]
A172094,SchroederL,Std,Triangle,[1 1 1 3 4 1 11 17 7 1 ]
nothing,SchroederL,Std,Reverse,[1 1 1 1 4 3 1 7 17 11 ]
A331969,SchroederL,Std,Inverse,[1 -1 1 1 -4 1 -1 11 -7 1 ]
nothing,SchroederL,Std,RevInv,[1 1 -1 1 -4 1 1 -7 11 -1 ]
nothing,SchroederL,Std,DiagTri,[1 1 3 1 11 4 45 17 1 197 ]
nothing,SchroederL,Std,PolyTri,[1 1 1 3 2 1 11 8 3 1 ]
A109980,SchroederL,Std,Sum,[1 2 8 36 172 852 4324 22332 116876 618084 ]
A225887,SchroederL,Std,EvenSum,[1 1 4 18 86 426 2162 11166 58438 309042 ]
A225887,SchroederL,Std,OddSum,[0 1 4 18 86 426 2162 11166 58438 309042 ]
A000007,SchroederL,Std,AltSum,[1 0 0 0 0 0 0 0 0 0 ]
nothing,SchroederL,Std,DiagSum,[1 1 4 15 63 280 1297 6193 30268 150687 ]
nothing,SchroederL,Std,Middle,[1 1 4 17 40 216 458 2745 5558 35318 ]
nothing,SchroederL,Std,Central,[1 4 40 458 5558 69660 891154 11563214 151605142 2003523032 ]
A001003,SchroederL,Std,LeftSide,[1 1 3 11 45 197 903 4279 20793 103049 ]
A000012,SchroederL,Std,RightSide,[1 1 1 1 1 1 1 1 1 1 ]
A331328,SchroederL,Std,PosHalf,[1 3 21 171 1509 13995 134277 1320651 13237221 134682219 ]
A330802,SchroederL,Std,NegHalf,[1 -1 5 -33 253 -2121 18853 -174609 1667021 -16290969 ]
nothing,SchroederL,Std,PolyVal2,[1 3 15 81 453 2583 14907 86733 507561 2982987 ]
nothing,SchroederL,Std,PolyVal3,[1 4 24 152 984 6440 42408 280312 1857336 12326792 ]
nothing,SchroederL,Std,BinConv,[1 2 12 84 630 4908 39158 317544 2605590 21571500 ]
nothing,SchroederL,Std,IBinConv,[1 0 -4 20 -58 64 390 -2948 10934 -20320 ]
nothing,SchroederL,Std,TransSqrs,[0 1 8 54 342 2098 12634 75190 443934 2606330 ]
nothing,SchroederL,Std,TransNat0,[0 1 6 34 190 1058 5890 32822 183158 1023658 ]
nothing,SchroederL,Std,TransNat1,[1 3 14 70 362 1910 10214 55154 300034 1641742 ]
A048994,StirlingCycle,Std,Triangle,[1 0 1 0 1 1 0 2 3 1 ]
A054654,StirlingCycle,Std,Reverse,[1 1 0 1 1 0 1 3 2 0 ]
A048993,StirlingCycle,Std,Inverse,[1 0 1 0 -1 1 0 1 -3 1 ]
A106800,StirlingCycle,Std,RevInv,[1 1 0 1 -1 0 1 -3 1 0 ]
A331327,StirlingCycle,Std,DiagTri,[1 0 0 1 0 1 0 2 1 0 ]
nothing,StirlingCycle,Std,PolyTri,[1 0 1 0 1 1 0 2 2 1 ]
A000142,StirlingCycle,Std,Sum,[1 1 2 6 24 120 720 5040 40320 362880 ]
A105752,StirlingCycle,Std,EvenSum,[1 0 1 3 12 60 360 2520 20160 181440 ]
A001710,StirlingCycle,Std,OddSum,[0 1 1 3 12 60 360 2520 20160 181440 ]
A014028,StirlingCycle,Std,AltSum,[1 -1 0 0 0 0 0 0 0 0 ]
nothing,StirlingCycle,Std,DiagSum,[1 0 1 1 3 9 36 176 1030 7039 ]
A154415,StirlingCycle,Std,Middle,[1 0 1 2 11 50 225 1624 6769 67284 ]
A187646,StirlingCycle,Std,Central,[1 1 11 225 6769 269325 13339535 790943153 54631129553 4308105301929 ]
A000007,StirlingCycle,Std,LeftSide,[1 0 0 0 0 0 0 0 0 0 ]
A000012,StirlingCycle,Std,RightSide,[1 1 1 1 1 1 1 1 1 1 ]
A001147,StirlingCycle,Std,PosHalf,[1 1 3 15 105 945 10395 135135 2027025 34459425 ]
A330797,StirlingCycle,Std,NegHalf,[1 1 -1 3 -15 105 -945 10395 -135135 2027025 ]
A000142,StirlingCycle,Std,PolyVal2,[1 2 6 24 120 720 5040 40320 362880 3628800 ]
nothing,StirlingCycle,Std,PolyVal3,[1 3 12 60 360 2520 20160 181440 1814400 19958400 ]
A211210,StirlingCycle,Std,BinConv,[1 1 3 16 115 1021 10696 128472 1734447 25937683 ]
A317274,StirlingCycle,Std,IBinConv,[1 1 -1 -2 19 -79 76 2640 -36945 329371 ]
A151881,StirlingCycle,Std,TransSqrs,[0 1 5 23 120 724 5012 39332 345832 3371976 ]
A000254,StirlingCycle,Std,TransNat0,[0 1 3 11 50 274 1764 13068 109584 1026576 ]
A000774,StirlingCycle,Std,TransNat1,[1 2 5 17 74 394 2484 18108 149904 1389456 ]
A048993,StirlingSet,Std,Triangle,[1 0 1 0 1 1 0 1 3 1 ]
A106800,StirlingSet,Std,Reverse,[1 1 0 1 1 0 1 3 1 0 ]
A048994,StirlingSet,Std,Inverse,[1 0 1 0 -1 1 0 2 -3 1 ]
A054654,StirlingSet,Std,RevInv,[1 1 0 1 -1 0 1 -3 2 0 ]
nothing,StirlingSet,Std,DiagTri,[1 0 0 1 0 1 0 1 1 0 ]
A189233,StirlingSet,Std,PolyTri,[1 0 1 0 1 1 0 2 2 1 ]
A000110,StirlingSet,Std,Sum,[1 1 2 5 15 52 203 877 4140 21147 ]
A024430,StirlingSet,Std,EvenSum,[1 0 1 3 8 25 97 434 2095 10707 ]
A024429,StirlingSet,Std,OddSum,[0 1 1 2 7 27 106 443 2045 10440 ]
A000587,StirlingSet,Std,AltSum,[1 -1 0 1 1 -2 -9 -9 50 267 ]
A171367,StirlingSet,Std,DiagSum,[1 0 1 1 2 4 9 22 58 164 ]
nothing,StirlingSet,Std,Middle,[1 0 1 1 7 15 90 301 1701 7770 ]
A007820,StirlingSet,Std,Central,[1 1 7 90 1701 42525 1323652 49329280 2141764053 106175395755 ]
A000007,StirlingSet,Std,LeftSide,[1 0 0 0 0 0 0 0 0 0 ]
A000012,StirlingSet,Std,RightSide,[1 1 1 1 1 1 1 1 1 1 ]
A004211,StirlingSet,Std,PosHalf,[1 1 3 11 49 257 1539 10299 75905 609441 ]
A009235,StirlingSet,Std,NegHalf,[1 1 -1 -1 9 -23 -25 583 -3087 4401 ]
A001861,StirlingSet,Std,PolyVal2,[1 2 6 22 94 454 2430 14214 89918 610182 ]
A027710,StirlingSet,Std,PolyVal3,[1 3 12 57 309 1866 12351 88563 681870 5597643 ]
A122455,StirlingSet,Std,BinConv,[1 1 3 13 71 456 3337 27203 243203 2357356 ]
nothing,StirlingSet,Std,IBinConv,[1 1 -1 -5 15 56 -455 -237 16947 -64220 ]
A033452,StirlingSet,Std,TransSqrs,[0 1 5 22 99 471 2386 12867 73681 446620 ]
A005493,StirlingSet,Std,TransNat0,[0 1 3 10 37 151 674 3263 17007 94828 ]
A000110,StirlingSet,Std,TransNat1,[1 2 5 15 52 203 877 4140 21147 115975 ]
A008290,Rencontres,Std,Triangle,[1 0 1 1 0 1 2 3 0 1 ]
A098825,Rencontres,Std,Reverse,[1 1 0 1 0 1 1 0 3 2 ]
A055137,Rencontres,Std,Inverse,[1 0 1 -1 0 1 -2 -3 0 1 ]
nothing,Rencontres,Std,RevInv,[1 1 0 1 0 -1 1 0 -3 -2 ]
nothing,Rencontres,Std,DiagTri,[1 0 1 1 2 0 9 3 1 44 ]
nothing,Rencontres,Std,PolyTri,[1 0 1 1 1 1 2 2 2 1 ]
A000142,Rencontres,Std,Sum,[1 1 2 6 24 120 720 5040 40320 362880 ]
A062282,Rencontres,Std,EvenSum,[1 0 2 2 16 64 416 2848 22912 205952 ]
A063083,Rencontres,Std,OddSum,[0 1 0 4 8 56 304 2192 17408 156928 ]
A000023,Rencontres,Std,AltSum,[1 -1 2 -2 8 8 112 656 5504 49024 ]
nothing,Rencontres,Std,DiagSum,[1 0 2 2 13 52 317 2138 16834 149292 ]
nothing,Rencontres,Std,Middle,[1 0 0 3 6 20 40 315 630 5544 ]
A281262,Rencontres,Std,Central,[1 0 6 40 630 11088 244860 6362928 190900710 6490575520 ]
A000166,Rencontres,Std,LeftSide,[1 0 1 2 9 44 265 1854 14833 133496 ]
A000012,Rencontres,Std,RightSide,[1 1 1 1 1 1 1 1 1 1 ]
A000354,Rencontres,Std,PosHalf,[1 1 5 29 233 2329 27949 391285 6260561 112690097 ]
nothing,Rencontres,Std,NegHalf,[1 1 5 -3 105 -807 10413 -143595 2304081 -41453775 ]
A000522,Rencontres,Std,PolyVal2,[1 2 5 16 65 326 1957 13700 109601 986410 ]
A010842,Rencontres,Std,PolyVal3,[1 3 10 38 168 872 5296 37200 297856 2681216 ]
nothing,Rencontres,Std,BinConv,[1 1 2 12 78 570 4900 48160 530390 6464430 ]
nothing,Rencontres,Std,IBinConv,[1 1 2 8 14 82 132 744 4566 -33442 ]
nothing,Rencontres,Std,TransSqrs,[0 1 4 12 48 240 1440 10080 80640 725760 ]
A000142,Rencontres,Std,TransNat0,[0 1 2 6 24 120 720 5040 40320 362880 ]
A098558,Rencontres,Std,TransNat1,[1 2 4 12 48 240 1440 10080 80640 725760 ]
A111808,Trinomial,Std,Triangle,[1 1 1 1 2 3 1 3 6 7 ]
A094531,Trinomial,Std,Reverse,[1 1 1 3 2 1 7 6 3 1 ]
A102587,Trinomial,Std,InvRev,[1 -1 1 -1 -2 1 2 0 -3 1 ]
nothing,Trinomial,Std,DiagTri,[1 1 1 1 1 2 1 3 3 1 ]
nothing,Trinomial,Std,PolyTri,[1 1 1 1 2 1 1 6 3 1 ]
A027914,Trinomial,Std,Sum,[1 2 6 17 50 147 435 1290 3834 11411 ]
nothing,Trinomial,Std,EvenSum,[1 1 4 7 30 61 253 547 2194 4921 ]
nothing,Trinomial,Std,OddSum,[0 1 2 10 20 86 182 743 1640 6490 ]
A246437,Trinomial,Std,AltSum,[1 0 2 -3 10 -25 71 -196 554 -1569 ]
nothing,Trinomial,Std,DiagSum,[1 1 2 3 7 11 23 38 78 132 ]
A027913,Trinomial,Std,Middle,[1 1 2 3 10 15 50 77 266 414 ]
A027908,Trinomial,Std,Central,[1 2 10 50 266 1452 8074 45474 258570 1481108 ]
A000012,Trinomial,Std,LeftSide,[1 1 1 1 1 1 1 1 1 1 ]
A002426,Trinomial,Std,RightSide,[1 1 3 7 19 51 141 393 1107 3139 ]
nothing,Trinomial,Std,PosHalf,[1 3 11 39 139 493 1745 6163 21731 76521 ]
nothing,Trinomial,Std,NegHalf,[1 -1 3 -1 11 9 57 111 387 989 ]
nothing,Trinomial,Std,PolyVal2,[1 3 17 87 481 2663 14993 84983 485057 2782023 ]
nothing,Trinomial,Std,PolyVal3,[1 4 34 253 2074 16999 142255 1199776 10203946 87281983 ]
A082759,Trinomial,Std,BinConv,[1 2 8 35 160 752 3599 17446 85376 420884 ]
nothing,Trinomial,Std,IBinConv,[1 0 0 -3 0 0 15 0 0 -84 ]
nothing,Trinomial,Std,TransSqrs,[0 1 14 90 492 2330 10206 42147 166872 639414 ]
nothing,Trinomial,Std,TransNat0,[0 1 8 36 148 560 2034 7161 24672 83592 ]
nothing,Trinomial,Std,TransNat1,[1 3 14 53 198 707 2469 8451 28506 95003 ]
A109956,TTree,Std,Triangle,[1 1 1 3 4 1 12 18 7 1 ]
nothing,TTree,Std,Reverse,[1 1 1 1 4 3 1 7 18 12 ]
A109955,TTree,Std,Inverse,[1 -1 1 1 -4 1 -1 10 -7 1 ]
A193636,TTree,Std,RevInv,[1 1 -1 1 -4 1 1 -7 10 -1 ]
nothing,TTree,Std,DiagTri,[1 1 3 1 12 4 55 18 1 273 ]
nothing,TTree,Std,PolyTri,[1 1 1 3 2 1 12 8 3 1 ]
A047098,TTree,Std,Sum,[1 2 8 38 196 1062 5948 34120 199316 1181126 ]
A047099,TTree,Std,EvenSum,[1 1 4 19 98 531 2974 17060 99658 590563 ]
A047099,TTree,Std,OddSum,[0 1 4 19 98 531 2974 17060 99658 590563 ]
A000007,TTree,Std,AltSum,[1 0 0 0 0 0 0 0 0 0 ]
A109957,TTree,Std,DiagSum,[1 1 4 16 74 368 1926 10455 58333 332489 ]
nothing,TTree,Std,Middle,[1 1 4 18 42 245 510 3325 6578 45630 ]
nothing,TTree,Std,Central,[1 4 42 510 6578 87696 1193808 16486756 230090850 3237004680 ]
A001764,TTree,Std,LeftSide,[1 1 3 12 55 273 1428 7752 43263 246675 ]
A000012,TTree,Std,RightSide,[1 1 1 1 1 1 1 1 1 1 ]
nothing,TTree,Std,PosHalf,[1 3 21 183 1773 18303 197157 2189799 24891741 288132303 ]
nothing,TTree,Std,NegHalf,[1 -1 5 -37 325 -3141 32261 -345605 3818501 -43197445 ]
A005809,TTree,Std,PolyVal2,[1 3 15 84 495 3003 18564 116280 735471 4686825 ]
nothing,TTree,Std,PolyVal3,[1 4 24 156 1048 7164 49488 344208 2405496 16868604 ]
nothing,TTree,Std,BinConv,[1 2 12 88 700 5814 49588 430560 3786588 33622600 ]
nothing,TTree,Std,IBinConv,[1 0 -4 22 -84 238 -380 -828 10556 -56144 ]
nothing,TTree,Std,TransSqrs,[0 1 8 55 362 2343 15058 96500 617930 3957847 ]
nothing,TTree,Std,TransNat0,[0 1 6 35 206 1227 7388 44900 275046 1696331 ]
nothing,TTree,Std,TransNat1,[1 3 14 73 402 2289 13336 79020 474362 2877457 ]
A000012,Uni,Std,Triangle,[1 1 1 1 1 1 1 1 1 1 ]
A000012,Uni,Std,Reverse,[1 1 1 1 1 1 1 1 1 1 ]
A097806,Uni,Std,Inverse,[1 -1 1 0 -1 1 0 0 -1 1 ]
A103451,Uni,Std,RevInv,[1 1 -1 1 -1 0 1 -1 0 0 ]
A097806,Uni,Std,InvRev,[1 -1 1 0 -1 1 0 0 -1 1 ]
A000012,Uni,Std,DiagTri,[1 1 1 1 1 1 1 1 1 1 ]
A104878,Uni,Std,PolyTri,[1 1 1 1 2 1 1 3 3 1 ]
A000027,Uni,Std,Sum,[1 2 3 4 5 6 7 8 9 10 ]
A008619,Uni,Std,EvenSum,[1 1 2 2 3 3 4 4 5 5 ]
A001057,Uni,Std,OddSum,[0 1 1 2 2 3 3 4 4 5 ]
A014581,Uni,Std,AltSum,[1 0 1 0 1 0 1 0 1 0 ]
A008619,Uni,Std,DiagSum,[1 1 2 2 3 3 4 4 5 5 ]
A000012,Uni,Std,Middle,[1 1 1 1 1 1 1 1 1 1 ]
nothing,Uni,Std,Central,[1 1 1 1 1 1 1 1 1 1 ]
A000012,Uni,Std,LeftSide,[1 1 1 1 1 1 1 1 1 1 ]
A000012,Uni,Std,RightSide,[1 1 1 1 1 1 1 1 1 1 ]
A126646,Uni,Std,PosHalf,[1 3 7 15 31 63 127 255 511 1023 ]
A077925,Uni,Std,NegHalf,[1 -1 3 -5 11 -21 43 -85 171 -341 ]
A126646,Uni,Std,PolyVal2,[1 3 7 15 31 63 127 255 511 1023 ]
A003462,Uni,Std,PolyVal3,[1 4 13 40 121 364 1093 3280 9841 29524 ]
A000079,Uni,Std,BinConv,[1 2 4 8 16 32 64 128 256 512 ]
A000007,Uni,Std,IBinConv,[1 0 0 0 0 0 0 0 0 0 ]
A000330,Uni,Std,TransSqrs,[0 1 5 14 30 55 91 140 204 285 ]
A000217,Uni,Std,TransNat0,[0 1 3 6 10 15 21 28 36 45 ]
A025747,Uni,Std,TransNat1,[1 3 6 10 15 21 28 36 45 55 ]
A028246,Worpitzky,Std,Triangle,[1 1 1 1 3 2 1 7 12 6 ]
A075263,Worpitzky,Std,Reverse,[1 1 1 2 3 1 6 12 7 1 ]
A106340,Worpitzky,Std,InvRev,[1 -1 1 1 -3 1 -1 9 -7 1 ]
nothing,Worpitzky,Std,DiagTri,[1 1 1 1 1 3 1 7 2 1 ]
nothing,Worpitzky,Std,PolyTri,[1 1 1 1 2 1 1 6 3 1 ]
A000629,Worpitzky,Std,Sum,[1 2 6 26 150 1082 9366 94586 1091670 14174522 ]
A000670,Worpitzky,Std,EvenSum,[1 1 3 13 75 541 4683 47293 545835 7087261 ]
A000670,Worpitzky,Std,OddSum,[0 1 3 13 75 541 4683 47293 545835 7087261 ]
A000007,Worpitzky,Std,AltSum,[1 0 0 0 0 0 0 0 0 0 ]
A229046,Worpitzky,Std,DiagSum,[1 1 2 4 10 28 88 304 1144 4648 ]
nothing,Worpitzky,Std,Middle,[1 1 3 7 50 180 2100 10206 166824 1020600 ]
A185157,Worpitzky,Std,Central,[1 3 50 2100 166824 21538440 4115105280 1091804313600 384202115256960 173201547619900800 ]
A000012,Worpitzky,Std,LeftSide,[1 1 1 1 1 1 1 1 1 1 ]
A000142,Worpitzky,Std,RightSide,[1 1 2 6 24 120 720 5040 40320 362880 ]
A123227,Worpitzky,Std,PosHalf,[1 3 12 66 480 4368 47712 608016 8855040 145083648 ]
A009006,Worpitzky,Std,NegHalf,[1 -1 0 2 0 -16 0 272 0 -7936 ]
A201339,Worpitzky,Std,PolyVal2,[1 3 15 111 1095 13503 199815 3449631 68062695 1510769343 ]
A201354,Worpitzky,Std,PolyVal3,[1 4 28 292 4060 70564 1471708 35810212 995827420 31153998244 ]
A000169,Worpitzky,Std,BinConv,[1 2 9 64 625 7776 117649 2097152 43046721 1000000000 ]
nothing,Worpitzky,Std,IBinConv,[1 0 -3 -10 25 574 2653 -30234 -644079 -2438722 ]
nothing,Worpitzky,Std,TransSqrs,[0 1 11 109 1139 13021 164051 2273629 34497299 569871901 ]
nothing,Worpitzky,Std,TransNat0,[0 1 7 49 391 3601 37927 451249 5995591 88073041 ]
A000670,Worpitzky,Std,TransNat1,[1 3 13 75 541 4683 47293 545835 7087261 102247563 ]
